Date,Topic,Title of Headline Roundup,left_story_title,left_story_text,left_story_GPT_pred,left_story_GPT_explanation,center_story_title,center_story_text,center_story_GPT_pred,center_story_GPT_explanation,right_story_title,right_story_text,right_story_GPT_pred,right_story_GPT_explanation
2024-07-23,Facts and Fact Checking,Conservatives Suggest Biden May Be Dying; Fact-Checkers Push Back,Far Right Spreads Baseless Claims About Biden’s Whereabouts,"
Many conspiracy theorists and far-right commentators are spreading doubts that President Biden is alive after he posted a letter on Sunday resigning from his presidential campaign. The theory is baseless. Mr. Biden, who learned he had Covid on July 17 and has been in isolation since, called into a campaign event for Vice President Kamala Harris on Monday, and the two exchanged praise and playful banter. “Joe, are you watching? You hear this clapping? Can you see it?” Ms. Harris asked the president. As the room echoed with applause, Mr.... ",Left,"- The article describes the claims as 'baseless' and attributes them to 'far-right commentators,' indicating a critical stance towards right-wing conspiracy theories.
- The tone of the article suggests skepticism towards the far-right claims and emphasizes the normalcy of President Biden's activities, which aligns with a left-leaning perspective.
- The focus on debunking conspiracy theories about a Democratic president and the positive portrayal of Vice President Kamala Harris are indicative of a left-leaning bias.",Joe Biden 'Hospice Care' Claims: What We Know,"
Right-wing commentator Charlie Kirk has posted a rumor that President Joe Biden had a medical emergency in Las Vegas last week and may be in hospice care. This claim contradicted the official account of the president's COVID-19 diagnosis, and has sparked widespread speculation, but what are the facts? Kirk, who has a history of promoting questionable theories, shared the rumor Monday on X, formerly Twitter. He wrote: ""Got a weird lead on a story that people should look into. I got a call from a source close to Las Vegas Metro. The official story... ",Right,"- The article discusses a claim made by Charlie Kirk, a right-wing commentator known for promoting conservative viewpoints and conspiracy theories, which aligns with right-wing thought.
- The tone of the article suggests skepticism towards the claim, but the focus is on a rumor spread by a figure associated with the right, indicating the political alignment of the source.
- The mention of Charlie Kirk and the nature of the claim (a rumor about President Biden's health) are typical of right-wing media narratives that often challenge or undermine Democratic figures."," Missing Biden triggers slew of memes as online conspiracy theorists spread rumors lame duck president, 81, is in a hospice","
Joe Biden's continued absence after announcing he's standing down as presidential candidate have sparked a slew of memes - and rumors he's in a hospice.   The 81-year-old has not been seen in six days or since he dropped out of his bid for reelection, with aides explaining that he'd tested positive for COVID. Concerns have already been raised about his health, with wild suggestions that Biden is seriously-ill or even dead. The president's health is a matter of national security, so any illness or death would quickly be announced to... ",Right,"- The article's tone is skeptical and critical of Joe Biden, focusing on rumors and conspiracy theories about his health, which is a common approach in right-leaning media.
- The content emphasizes Biden's absence and the spread of memes and rumors, which aligns with a narrative often found in conservative outlets that question his fitness for office.
- The typical political bias of publications that focus on such conspiracy theories and memes about Democratic figures tends to be right-leaning, as they often aim to undermine confidence in Democratic leadership."
2024-07-19,World,UN Court Says Israeli West Bank Settlements Violate International Law,"Israeli settlements violate international law, U.N.'s top court says in a landmark opinion","
Policies and practices used by Israel in its occupation of Palestinian territories are in breach of international law, the United Nations’ top court said in a landmark opinion Friday. The International Court of Justice said in its opinion, which was read out by Judge Nawaf Salam, president of the world body, that Israeli settlements in the occupied West Bank and East Jerusalem, as well as “the regime associated with them,” were established and are being maintained in violation of international law. The ICJ said Israel should cease all new settlement activities and evacuate settlers from Palestinian territories. It... ",Center,"- The article reports on a legal opinion from the International Court of Justice, a neutral international body, without showing bias towards either side of the Israeli-Palestinian conflict.
- The tone of the article is factual and focuses on the legal aspects of the situation, rather than taking a political stance.
- The publication of a U.N. court's opinion is a matter of international law and diplomacy, which is typically covered in a balanced manner by centrist outlets.",Top UN court says Israel's occupation of Palestinian territories is illegal,"
THE HAGUE, July 19 (Reuters) - The United Nations' highest court said on Friday that Israel's occupation of Palestinian territories and settlements there are illegal and should be withdrawn as soon as possible, in its strongest findings to date on the Israel-Palestinian conflict. The advisory opinion by judges at the International Court of Justice (ICJ), known as the World Court, was not binding but carries weight under international law and may weaken support for Israel. ""Israeli settlements in the West Bank and East Jerusalem, and the regime associated with them,... ",Left,"- The article reports on a decision by the International Court of Justice, which is often viewed as supporting international law perspectives that align with left-leaning views on human rights and international justice.
- The content of the article highlights the illegality of Israeli settlements, a position typically supported by left-wing and progressive groups who advocate for Palestinian rights.
- The tone of the article and the focus on the ICJ's ruling may appeal to audiences that are critical of Israeli policies, which is more common among left-leaning publications and audiences.","Anti-Israel International Court Of Justice, Arm Of U.N., Declares Israel’s Presence In East Jerusalem, Judea, Samaria, ‘Unlawful’","
The anti-Israel International Court of Justice, an arm of the United Nations, ruled on Friday that Israel’s presence in the biblical areas of Judea and Samaria is “unlawful,” and that Israeli settlements in Judea and Samaria, as well as in East Jerusalem, violated international law. In an opinion delivered by its president, Nawaf Salam of Lebanon, who wrote in 2015 of Israel, “Unhappy birthday to you, 48 years of occupation,” the court claimed, “The West Bank and East Jerusalem are occupied territories in which Israel has status of occupying Power.” In the face of the October 7... ",Right,"- The article uses the term 'anti-Israel' to describe the International Court of Justice, indicating a critical tone towards the court's decision, which is a stance often associated with right-wing perspectives that support Israel's policies.
- The article refers to the areas of Judea and Samaria, which are terms commonly used by right-wing and pro-Israel groups to describe the West Bank, suggesting a right-leaning bias.
- The publication's choice to highlight the court's decision as 'unlawful' and to emphasize the background of the court's president in a negative light aligns with a conservative viewpoint that is critical of international bodies perceived as biased against Israel."
2024-07-11,Joe Biden,Biden Draws Mixed Reviews for Rare Solo Press Conference,Takeaways from Biden’s critical solo news conference,"
President Biden delivered a series of sometimes shaky answers to questions from reporters during a nearly hourlong news conference Thursday, but he also demonstrated a command of foreign policy and avoided repeating the worst moments of the presidential debate two weeks ago that set off turmoil within his party. After initially reading from a teleprompter then repeating his vow to stay in the race, Mr. Biden tried to defuse some questions about his age and fitness for office, but at one point fumbled a question about Vice President Kamala Harris,... ",Center,"- The article provides a balanced view of President Biden's news conference, noting both his shaky answers and his command of foreign policy, without overtly praising or criticizing him.
- It mentions political figures such as President Biden and Vice President Kamala Harris, but does so in a neutral manner, focusing on the content of the news conference rather than taking a political stance.
- The tone of the article is factual and descriptive, aiming to inform the reader about the event rather than persuade them towards a particular political viewpoint.","Biden loses his train of thought, calls Harris ‘Vice President Trump’ in solo press conference","
President Joe Biden on Thursday mistakenly referred to Vice President Kamala Harris as “Vice President Trump” in the opening question of his highly-anticipated solo press conference in Washington. “Look, I wouldn’t have picked Vice President Trump to be vice president [if] I think she’s not qualified to be president,” Biden said, confusing his second-in-command with his November election opponent, former President Donald Trump. A reporter pointed out Biden’s mistake in the final question of the press conference, asking the president to comment on the blunder after Trump used it to mock him. Biden smiled to himself... ",Center,"- The article reports on a factual event where President Biden made a verbal slip during a press conference, without adding significant editorial bias or commentary.
- The tone of the article is neutral, focusing on the incident itself and the reactions, rather than using it to push a particular political agenda.
- The publication does not appear to take a strong stance on the political implications of the mistake, instead presenting it as a straightforward news story.",Biden's high-stakes solo press conference slammed from the right as 'another disaster',"
President Biden's highly anticipated solo press conference Thursday evening was panned as a ""disaster"" on social media by conservatives, who criticized the president for a performance that they said featured Biden stumbling through answers to reporters' questions about foreign policy and the 2024 presidential race. ""This NATO press conference with Biden is another disaster. It is inexplicable the people advising this man continue to think that somehow he's not going to humiliate himself and this country. Why do they continue to allow this to happen?"" Fox News contributor Tammy Bruce posted on X... ",Right,"- The article's tone is critical of President Biden, focusing on negative reactions from conservatives and highlighting perceived failures in his press conference performance.
- The content prominently features criticism from a Fox News contributor, a network known for its conservative leanings, which aligns with right-wing perspectives.
- The article emphasizes the negative reception from conservatives, suggesting a bias towards right-wing viewpoints by amplifying their criticisms of a Democratic president."
2024-07-10,Economy and Jobs,Explaining America’s Continued Economic Contradictions,The Matrix of Consumer Discontent,"
The past two years have been very good for the U.S. economy. Unemployment has crept up a bit, but not by a lot, and the employed share of Americans in their prime working years is higher than, to make a random comparison, it was at any point during the Trump years. At the same time, inflation has come way down, defying the pessimistic predictions of many economists. Here, for example, is a comparison of the Federal Reserve’s preferred measure of underlying inflation with a September 2022 prediction from Harvard’s Jason Furman — a widely... ",Left,"- The article highlights positive economic indicators during the current administration, contrasting them with the previous Trump administration, which suggests a left-leaning perspective.
- The mention of Jason Furman, a Harvard economist, and the Federal Reserve's measures indicates a focus on expert analysis, which is often associated with more liberal or progressive viewpoints.
- The tone of the article seems to emphasize the success of current economic policies, which aligns with a left-leaning narrative that supports the current administration's economic management.",Economic signals are blinking green. Why Americans are still seeing red.,"
The American economy reads a little like a Dickens novel these days – and for Joe Biden, it’s in desperate need of a plot twist. For more than a year, the narrative has been stuck between “best of times” data and “worst of times” sentiment. Unemployment has been incredibly low and consumer spending abnormally resilient. But consumers have proved dour, unwilling to give President Biden much credit because of the sting of recent high inflation and continuing sky-high housing costs. Now, the United States is poised – maybe – to... ",Center,"- The article presents a balanced view of the economic situation, acknowledging both positive economic indicators and negative public sentiment, without overtly blaming or praising any political party.
- It mentions President Joe Biden in a neutral context, discussing the challenges he faces without strong partisan language.
- The tone of the article is analytical and focuses on economic data and public perception, rather than promoting a specific political agenda or policy stance.",Biden’s cruel economy,"
Economist Milton Friedman defined inflation as “too much money chasing after too few goods.” He could have just as easily described President Joe Biden’s economic agenda.   For almost four years, Biden’s policies have flooded the marketplace with federal stimulus while squeezing the supply of goods and services through higher taxes and regulations. The result has been a cost-of-living crisis and an economy in decline. The system of free enterprise and fiscal responsibility, along with the spirit of hard work and self-reliance that built the largest, most dynamic economy in the world, has been replaced by Bidenomics’... ",Right,"- The tone and content of the article are critical of President Joe Biden's economic policies, suggesting they have led to negative outcomes such as inflation and economic decline, which aligns with conservative critiques of liberal economic policies.
- The article references Milton Friedman, a well-known conservative economist, to frame its argument against Biden's economic agenda, indicating a right-leaning perspective.
- The language used, such as 'Biden's cruel economy' and 'Bidenomics,' suggests a strong opposition to the current administration's policies, which is typical of right-leaning publications."
2024-07-09,Housing and Homelessness,"Home Prices Are Higher Than Ever, But Many Sell For Below List Price","Homes are selling below list price. That's bad for sellers, good for buyers","
Homes sold below their list price at the peak of the housing season, Redfin reports, a development that could shift the real estate market to the buyer’s advantage. The typical home that sold during a four-week span in May and June went for 0.3% less than its asking price, according to the real estate brokerage Redfin. That data point matters, housing experts say, because the market hits its annual peak in late spring and early summer. In the last few years, the average home sold at or above list price at that... ",Center,"- The article focuses on real estate market trends, specifically the fact that homes are selling below list price, which is a neutral economic topic without inherent political bias.
- There is no mention of political figures, organizations, or policy stances that would indicate a left or right political alignment.
- The tone of the article is factual and data-driven, reporting on statistics from Redfin, a real estate brokerage, without any ideological slant.",US House Prices Hit All Time High,"
Home prices in the United States have hit an all-time high, new figures show. The median sale price as of June 2024 was $397,954 – an almost 5 percent year-over-year change – the biggest increase since March this year and taking the level to an all-time high, according to data from Redfin. The National Association of Realtors (NAR) also said that median sale prices have climbed to record highs this year. The latest figures come as a study recently concluded that 582 U.S. counties are now considered unaffordable, according to real... ",Center,"- The article focuses on reporting factual data about US house prices reaching an all-time high, without any overt political commentary or bias.
- It cites sources like Redfin and the National Association of Realtors, which are not politically affiliated organizations, indicating a neutral stance.
- The content does not mention any political figures, policies, or organizations that would suggest a left or right bias, maintaining a focus on economic data and trends.",US home prices just hit another all-time high,"
Findings from Redfin show the median U.S. home sale price soared to $397,954 in June – a nearly 5% increase from a year earlier. That marks the highest level on record and the biggest annual increase since March. The monthly mortgage payment at that price, when accounting for the 6.86% median interest rate for a 30-year mortgage, is now $2,749. That is roughly $88 shy of April's record, thanks to a slight drop in mortgage rates. ""High mortgage rates and record-setting home prices have made affordability the biggest challenge in... ",Center,"- The article focuses on reporting factual data about U.S. home prices and mortgage rates without expressing any political opinion or bias.
- It does not mention any political figures, organizations, or policies, which suggests a neutral stance.
- The publication of this data by Redfin, a real estate brokerage, is typically not associated with any particular political bias, further supporting a centrist classification."
2024-07-05,Joe Biden,"Hunter Biden Sues Fox News, House Judiciary Committee Seeks Biden Tapes",Hunter Biden Follows Through with Threat to Sue Fox News for Disseminating 'Revenge Porn',"
Two months ago, Hunter Biden sent a ""cease and desist"" letter to Fox News demanding that they retract false stories that they have been disseminating for more than a year about President Biden's son. Never mind that the network never had a shred of evidence to support their libelous ""reporting."" Of course, lacking evidence has ever stopped Fox News from lying to smear their political opponents before.
",Left,"- The tone of the article is critical of Fox News, accusing them of lying and smearing political opponents, which aligns with a left-leaning perspective that often criticizes conservative media outlets.
- The article defends Hunter Biden, who is associated with the Democratic Party and President Joe Biden, indicating a sympathetic stance towards left-wing figures.
- The publication's typical political bias is likely left-leaning, as it portrays Fox News, a right-leaning network, in a negative light and supports a narrative that aligns with liberal viewpoints.",Hunter Biden wants to take Fox News to court,"
Hunter Biden is going on the offensive when it comes to Fox News. The president’s son, who was recently found guilty of three felony counts related to a 2018 gun purchase, sued the network in state court for airing intimate images of him without his consent. He argues it violated New York’s so-called revenge porn law. “Fox published and disseminated these Intimate Images to its vast audience of millions as part of an entertainment program in order to humiliate, harass, annoy and alarm Mr. Biden and to tarnish his reputation,”... ",Center,"- The article focuses on a legal action taken by Hunter Biden against Fox News, which is a factual event without an overtly biased tone.
- It mentions Hunter Biden's legal issues and his lawsuit against Fox News, but does not take a clear stance supporting or opposing either party.
- The content does not display strong alignment with either left-wing or right-wing ideologies, focusing instead on the legal aspects of the case.",House Judiciary Committee sues to get tapes of befuddled Biden’s interview with Hur,"
The House Judiciary Committee filed a lawsuit Monday seeking audio tapes of President Biden’s interviews with special counsel Robert Hur — after the White House refused to share them citing concern about the impact on the Nov. 5 election.
The committee filed suit four days after the 81-year-old incumbent’s disastrous debate performance prompted a groundswell of Democrats to question Biden’s cognitive fitness and call for the party to pick a new candidate to face former President Donald Trump.
",Right,"- The article uses a negative tone towards President Biden, describing his debate performance as 'disastrous' and questioning his cognitive fitness, which aligns with conservative critiques.
- The mention of the House Judiciary Committee, which is currently led by Republicans, and their actions against President Biden suggests a right-leaning perspective.
- The focus on the potential impact on the election and the framing of the White House's refusal to share tapes as a negative action aligns with a conservative viewpoint, often critical of Democratic leadership."
2024-07-04,The Americas,Fourth of July 2024: The State of the American Republic,"This Fourth of July, it’s hard to feel optimistic about the US. But I have hope","
If you’ve been paying even the slightest bit of attention, you know that the American Experiment took some gut punches over the last week. Joe Biden – long considered the best hope for preventing another disastrous Donald Trump term – had a shockingly bad debate performance, looking and sounding every minute of his 81 years. The tainted supreme court then declared, in essence, that a president is above the law, at least when acting in an official capacity. And that came on top of other high court decisions that have blasted away... ",Left,"- The article expresses a critical tone towards conservative figures and institutions, such as Donald Trump and the Supreme Court, which is often associated with a left-leaning perspective.
- It highlights negative views on recent Supreme Court decisions, suggesting a disagreement with conservative judicial outcomes, which aligns with liberal or progressive viewpoints.
- The mention of Joe Biden as a hope against another Trump term indicates a preference for Democratic leadership, which is typically associated with left-wing or liberal ideology.",Optimists Will Write the Story of America,"
While the surface might appear cynical, the undercurrent of the American story remains driven by hope. In 1975, the Freedom Train rolled through Oakland, Calif.—about 15 miles from my home in Hayward—and changed how I thought about America. My siblings and I were among the 7 million Americans who lined up to visit the train, which traversed the country to commemorate our nation's ​​bicentennial, or 200th anniversary. The train contained two centuries of Americana, including treasures like George Washington's copy of the Constitution, Thomas Edison's first working lightbulb, and Judy Garland's dress from The Wizard of... ",Center,"- The article focuses on a historical event, the Freedom Train, and its impact on the author's perception of America, which is a neutral topic not inherently aligned with any political ideology.
- The tone of the article is optimistic and reflective, emphasizing hope and the American story, without delving into partisan issues or political figures.
- There is no mention of current political figures, organizations, or policy stances that would indicate a strong alignment with either left or right-wing thought, suggesting a balanced perspective.",An Unaccountable Government Threatens Us Once More This Fourth of July,"
Two hundred forty-eight years ago, our Founding Fathers set us on the path towards forming a more perfect union. The Founders saw the world in which they lived and imagined a better one not yet in existence – a government where power resided with “we the people” to safeguard our God-given rights. It was a step toward the idea of freedom for all, even though it took the Civil War and civil-rights movement to get here. Our Founders’ great experiment now stands proudly for freedom and liberty around the world. But it is... ",Right,"- The article references the Founding Fathers and emphasizes traditional American values such as freedom and liberty, which are often associated with conservative viewpoints.
- The tone of the article suggests a concern about government accountability, a common theme in right-leaning discourse that emphasizes limited government and individual rights.
- The publication likely has a right-leaning bias, as it frames the discussion in terms of historical American ideals and the protection of 'God-given rights,' which are typically conservative talking points."
2024-07-03,Ukraine War,"Hungary Assumes EU Council Presidency, Orbán Visits Kyiv to Push for Ceasefire",Orban Pushes Cease-Fire Plan in Kyiv Talks With Zelenskiy,"
Hungarian Prime Minister Viktor Orban pressed Ukrainian President Volodymyr Zelenskiy to consider a cease-fire during his first visit to Kyiv since Russia’s invasion, putting on display the deep differences between the two leaders. While Orban’s comments reflect his long-standing call for a peace settlement, Zelenskiy has repeatedly dismissed demands for a cease-fire with Moscow, insisting that Russian forces withdraw from Ukrainian territory. Still, Orban’s presence alone was a reconciliation of sorts between Ukraine’s wartime leader and the Hungarian premier, who has maintained ties with the Kremlin and at times stalled... ",Right,"- The article highlights Viktor Orban's push for a cease-fire, which aligns with his known stance of maintaining ties with Russia, a position often associated with right-wing politics in Europe.
- Orban's approach contrasts with Zelenskiy's, who demands Russian withdrawal, indicating a divergence in policy that reflects Orban's more conservative, pro-Russian stance.
- The mention of Orban's long-standing call for peace and his ties with the Kremlin suggests a right-leaning perspective, as Orban is known for his conservative policies and alignment with traditionalist values.",Hungary's Orban urges ceasefire on Kyiv visit,"
Viktor Orban arrived in Ukraine on Tuesday for an unannounced visit having just taken over as rotating president of the European Union. While in Kyiv, the Hungarian prime minister said a ceasefire between Russia and Ukraine could speed up negotiations to end the war that followed Russia's full-scale invasion in 2022. Mr Orban has been a critic of Western support for Ukraine and is seen as the European leader closest to Russian President Vladimir Putin. This was his first visit to Ukraine in 12 years, although he has met Mr... ",Right,"- The article mentions Viktor Orban, who is known for his conservative and right-wing political stance, as well as his close ties to Russian President Vladimir Putin, which aligns with right-wing perspectives.
- Orban's criticism of Western support for Ukraine and his call for a ceasefire suggest a stance that is more sympathetic to Russia, which is often associated with right-wing viewpoints in the context of European politics.
- The tone of the article highlights Orban's unique position within the EU as a leader who diverges from the mainstream Western approach to the Ukraine conflict, which is indicative of a right-leaning perspective.",Viktor Orban Urges Zelensky For 'Quick Ceasefire' In First Visit Since War's Start,"
Hungarian prime minister Viktor Orban is in Kiev for the first time since the Russian invasion, where he has urged Ukrainian president Volodymyr Zelensky ""to consider a quick ceasefire"" in a private meeting. Orban told a press briefing after: ""I asked the president to think about whether we could approach this a little differently, to take a break, to cease fire, and then proceed with negotiations."" So far, the assumption from Ukraine officials has been there has to be withdrawal of Russian forces from seized Ukrainian territory first, for negotiations leading to a truce to... ",Right,"- The article highlights Viktor Orban, a political figure known for his right-wing, nationalist policies and alignment with conservative values, which suggests a right-leaning perspective.
- The content of the article focuses on Orban's call for a 'quick ceasefire,' which aligns with a more conservative or pragmatic approach to foreign policy, often associated with right-wing politics.
- The typical political bias of Viktor Orban and his government is right-wing, which influences the tone and perspective of the article, emphasizing a stance that may be more sympathetic to Russian interests."
2024-07-01,World,"France’s Right Wing Wins First Round of Elections, Macron’s Centrist Alliance Finishes Third",Far right leads first round of France’s parliamentary election in blow to Macron,"
Marine Le Pen’s far-right National Rally (RN) party led the first round of France’s parliamentary elections on Sunday, taking it closer to the gates of power than ever before. After an unusually high turnout, the RN bloc clinched 33.15% of the vote, while the left-wing New Popular Front (NFP) coalition came second with 27.99% and President Emmanuel Macron’s Ensemble alliance slumped to a dismal third with 20.76%, according to final results published by the Interior Ministry on Monday. While the RN appears on track to win the most seats in the National... ",Center,"- The article presents factual information about the results of the French parliamentary election without showing a clear bias towards any political party or ideology.
- It mentions multiple political groups, including the far-right National Rally, the left-wing New Popular Front, and President Macron's Ensemble alliance, without expressing support or opposition to any of them.
- The tone of the article is neutral and focused on reporting the election results, which is characteristic of center-aligned reporting that aims to inform rather than persuade.",France's far right celebrates lead and seeks majority,"
France’s far right is in pole position after the first round of parliamentary elections that confirmed their dominance in French politics and brought them to the gates of power. Supporters of Marine Le Pen’s anti-immigration National Rally (RN) cheered as she said the president’s “Macronist bloc has been all but wiped out”. RN won 33.1% of the vote, with a left-wing alliance behind on 28%, and the Macron camp behind on 20.76%. “I aim to be prime minister for all the French people, if the French give us their votes,”... ",Right,"- The article focuses on the success of France's far-right party, the National Rally, which is known for its conservative and nationalist policies, particularly its anti-immigration stance.
- Marine Le Pen, a prominent figure in right-wing politics, is highlighted as a leader of the National Rally, and her statements are prominently featured, indicating a right-wing perspective.
- The tone of the article celebrates the National Rally's electoral success, which aligns with right-wing political agendas, emphasizing their dominance and potential rise to power.",Macron on edge as France’s right-wing National Rally party gains momentum in first round of elections,"
France’s right-wing National Rally party on Sunday made considerable gains in the country’s first round of elections, putting the centrist President Emmanuel Macron and his supporters on edge.  Early projections suggest that the National Rally, led by Marine Le Pen, stands a good chance of winning a majority in the lower house of parliament for the first time, with an estimated one-third of the first-round vote, nearly double their 18% in the first round in 2022. French polling agencies indicated that Macron's grouping of centrist parties could finish a distant third in the first-round... ",Center,"- The article presents factual information about the election results in France, focusing on the performance of the National Rally party and its implications for President Macron, without showing a clear bias towards any political side.
- It mentions political figures such as Emmanuel Macron and Marine Le Pen, but does so in a neutral manner, simply reporting on their roles and the election outcomes.
- The tone of the article is informative and does not include language that would suggest a strong alignment with either left-wing or right-wing ideologies, making it suitable for a Center classification."
2024-06-28,2024 Presidential Election,How Did CNN's Debate Moderators Do?,Jake Tapper and Dana Bash’s Debate Performance Was an Embarrassment,"
President Joe Biden had a rough night Thursday at the debate, but CNN moderators Jake Tapper and Dana Bash also turned in an abysmal performance of their own, according to The New Abnormal co-hosts Andy Levy and Danielle Moodie. Neither moderator offered much in the way of follow-up questions or any fact checks for either candidate—something that CNN said in advance they were not going to do. “Do you know what they were? They weren’t moderators. They were fucking mic stands,” Moodie said in a special debate-night episode. “Like doing nothing, doing nothing, offering nothing.” ",Left,"- The article criticizes CNN moderators Jake Tapper and Dana Bash, which aligns with a left-leaning perspective that often scrutinizes mainstream media for not being critical enough of political figures, particularly those on the right.
- The tone of the article is informal and uses strong language, which is characteristic of left-leaning publications that aim to engage readers with a more casual and direct style.
- The publication, The New Abnormal, is known for its progressive stance and often critiques both media and political figures from a left-wing perspective.","CNN takes heat for lack of fact checks during Trump, Biden debate ","
CNN is coming under heavy criticism after two of its top anchors failed to offer real-time fact checks of false statements made by former President Trump and President Biden as they moderated Thursday night’s presidential debate. During the highly anticipated and nationally televised clash, both Trump and Biden made a number of misleading or false statements about topics ranging from crime to immigration to the economy. Moderators Jake Tapper and Dana Bash on multiple occasions offered follow up questions when a candidate had not used up all of their allotted speaking time... ",Center,"- The article criticizes CNN, a major news network, for not fact-checking during a debate, which suggests a focus on journalistic standards rather than a political agenda.
- The content mentions both Trump and Biden making misleading statements, indicating an attempt to present a balanced view of both political figures.
- CNN is generally considered a mainstream media outlet, which often aims to provide balanced coverage, placing it in the Center category.",CNN’s Jake Tapper Pressing Trump About Jan. 6 Is Peak CNN,"
An hours-long riot at the Capitol four years ago doesn’t even rank among the top four issues facing voters as they go to cast their ballots between two presidents this fall. But the turmoil on Jan. 6, 2021, certainly claimed the lion’s share of coverage on CNN for the next two years, if not four, as the network became the go-to outlet for Democrats to spread conspiracies surrounding the isolated episode of right-wing violence. So naturally, the network where former Rep. Adam Kinzinger ran for a paycheck once it became clear he would never... ",Right,"- The article describes CNN as a network that focused heavily on the January 6th events, suggesting a bias towards Democratic perspectives, which is a common critique from right-leaning sources.
- It mentions CNN as a platform for Democrats to spread 'conspiracies', a term often used by right-wing commentators to dismiss concerns about January 6th.
- The tone of the article is critical of CNN and its coverage, aligning with a conservative viewpoint that often criticizes mainstream media for perceived liberal bias."
2024-06-26,LGBTQ Issues,Republican Support For Same-Sex Marriage Declines For Second Consecutive Year,The GOP’s sudden turn away from gay rights — and acceptance,"
Americans’ embrace of same-sex rights and acceptance of gay Americans has been one of the steadiest trends in recent political history, with support for same-sex marriage gradually rising from less than 30 percent in the mid-1990s to around 70 percent today. Support has become so strong that pollsters have largely stopped even asking about it. But there’s increasing evidence that these gains have halted and even reversed somewhat, largely thanks to Republicans moving in the opposite direction — in some cases, sharply. Gallup is the latest to show this: GOP... ",Left,"- The article discusses the GOP's shift away from supporting gay rights, which is a topic often highlighted by left-leaning publications as a critique of conservative policies.
- The tone of the article suggests concern over the reversal of progress in same-sex rights, aligning with liberal values that emphasize equality and acceptance.
- The focus on the Republican Party's actions and the framing of these actions as a negative development is indicative of a left-leaning perspective.",Support for Same-Sex Marriage Is Declining,"
Support for same-sex marriage in the United States is declining, especially among Republican voters, according to new data. Gay marriage was legalized nationwide in 2015, after the landmark Supreme Court case Obergefell v. Hodges. While approval for same-sex marriage steadily increased across political affiliations, data from Gallup has shown a decrease over the past two years. The majority of Americans still approve of it, with 69% saying same-sex marriages should be legal. The peak for national approval of gay marriage was 71%, in 2022. Slightly fewer Americans believe that gay... ",Center,"- The article presents data from Gallup, a reputable polling organization, without showing a clear bias towards either supporting or opposing same-sex marriage, indicating a neutral tone.
- It mentions the decline in support among Republican voters but does not use language that criticizes or praises this group, maintaining a balanced perspective.
- The article provides historical context about the legalization of same-sex marriage and current approval ratings without taking a stance, which is characteristic of center-aligned reporting.","Republican Support for Gay Marriage Plummeted over Past Two Years, New Poll Finds","
Republican support for gay marriage noticeably declined over the past two years as LGBT activists have increasingly focused their efforts on advocating medical transition for gender-confused youth and the teaching of gender ideology in schools. After peaking at 55 percent in 2021 and 2022, Republican support for gay marriage is down to 46 percent overall, dropping 9 points in just two years, according to new Gallup polling. Gay-marriage support among Democrats remained steady at 83 percent compared to 74 percent support among independents. Overall, more than two-thirds of Americans, 69... ",Right,"- The article highlights a decline in Republican support for gay marriage, which aligns with conservative views on traditional marriage.
- It mentions LGBT activists focusing on medical transition for youth and teaching gender ideology, topics often criticized by conservative groups.
- The tone suggests a critical view of these LGBT advocacy efforts, which is typical of right-leaning publications."
2024-06-19,Justice,The Nation Celebrates Juneteenth,Juneteenth: What to know about the historical celebration that's now a federal holiday,"
Three years after it was made a federal holiday, Juneteenth 2024 marks a day of celebration as well as education. The federal holiday known as “Second Independence Day,” marks the day the last African American slaves were notified that they had been freed from their masters, the National Museum of African American History and Culture said. Dr. Tim Goler, a professor of urban affairs and sociology courses and director of research for the Center for African American Public Policy at Norfolk State University, told USA TODAY that Juneteenth or ""Freedom Day"" is a day that shows... ",Center,"- The article provides factual information about Juneteenth, its historical significance, and its recognition as a federal holiday, without displaying a strong political bias.
- It includes quotes from experts and institutions like the National Museum of African American History and Culture, which are generally seen as authoritative and educational sources.
- The tone of the article is educational and informative, focusing on the historical and cultural aspects of Juneteenth rather than engaging in political commentary or advocacy.",Why I revel in the joyful sound of Juneteenth,"
“Party with a purpose” is a phrase that fits well with most Black holidays and occasions. Historically, Juneteenth has been no different. Yet something curious has happened since the day became a federal holiday in the United States in 2021. This jubilant celebration of African American independence has somehow become less fun. A controversy last June underscored this dynamic. A series of multiracial banners appeared throughout downtown Greenville, South Carolina, which raised angst among certain community members because of the Black origins of Juneteenth. What was lost in the conversation went... ",Left,"- The article discusses Juneteenth, a holiday that celebrates African American independence, which is often associated with progressive and left-leaning perspectives on racial justice and equality.
- The tone of the article suggests a focus on inclusivity and multiculturalism, as it mentions multiracial banners and community reactions, which are themes commonly emphasized in left-leaning discourse.
- The publication of the article in a context that highlights cultural and racial issues aligns with typical left-wing agendas that prioritize social justice and recognition of minority histories and contributions.",Why Juneteenth is a holiday for ALL Americans to celebrate,"
America today celebrates Juneteenth, a commemoration both of the horrors of the nation’s original sin, slavery, and of its end.
The holiday traces to victorious Union Gen. Gordon Granger’s June 19, 1865 order putting the Emancipation Proclamation (issued in January 1863) into full legal effect across Texas and freeing all the state’s remaining slaves.
The celebration has since spread, especially in the South, culminating in federal recognition in 2021 by President Biden
",Center,"- The article discusses Juneteenth as a holiday for all Americans, focusing on its historical significance and recent federal recognition, which is a neutral and inclusive perspective.
- It mentions President Biden's role in recognizing the holiday federally, but does not frame this in a partisan manner, instead highlighting the broader historical context.
- The tone of the article is educational and commemorative, aiming to inform readers about the importance of Juneteenth without pushing a specific political agenda."
2024-06-18,2024 Presidential Election,WH Press Sec Labels Biden Videos ‘Cheap Fakes’ Made in ‘Bad Faith’,"‘Cheap Fakes’: White House Slams Viral Biden Age Videos, Credits Conservative Outlet For Calling Them Out","
White House Press Secretary Karine Jean-Pierre fumed at the viral clips circulating social media that are often selectively edited to make President Joe Biden look senile, dubbing them “cheap fakes.” “There seems to be a sort of a rash of videos that have been edited to make the president appear especially frail or mentally confused. I’m wondering if the White House is especially worried about the fact that this appears to be a pattern that we’re seeing more,” asked a White House reporter during Monday’s briefing. “Yeah. We, and I think you all have... ",Center,"- The article reports on a statement from the White House Press Secretary regarding viral videos of President Biden, which is a factual event without an overtly biased tone.
- It mentions that a conservative outlet was credited for calling out the videos, suggesting a balanced view by acknowledging the role of a typically right-leaning source in addressing misinformation.
- The article does not take a clear stance on the political spectrum itself, focusing instead on the issue of misinformation and the response from the White House.",White House Attacks “Cheap Fake” Joe Biden Videos As They Spread Across Right Wing Media And Parrot Donald Trump’s Talking Points,"
The White House in the past week has railed against so-called “cheap fakes,” videos edited to look as if President Joe Biden has “frozen” or was wandering away at major public events, while media outlets amplifying the moments have done little to add context. The videos include one at a D-Day ceremony earlier this month, another at a Juneteenth ceremony last week and still another the G7 summit Thursday. The latest to go viral is a video at the end of Biden’s star-filled Los Angeles re-election fundraiser over the weekend. As the moments have... ",Left,"- The article's tone is critical of right-wing media for spreading misleading videos about President Joe Biden, which aligns with a left-leaning perspective that often defends Democratic figures against conservative attacks.
- The article mentions the White House's defense of Biden and criticizes the lack of context provided by right-wing media, indicating a stance that is protective of the current Democratic administration.
- The focus on ""cheap fakes"" and the implication that these are tactics used by right-wing media to undermine Biden aligns with a left-wing narrative that often highlights misinformation spread by conservative outlets.",Karine Jean-Pierre slammed for claiming Biden videos are deepfakes: 'Don't believe your lying eyes!',"
White House press secretary Karine Jean-Pierre faced a wave of criticism Monday after claiming a series of viral videos of President Biden appearing frail in the past week were ""deepfakes."" Numerous controversial videos have emerged of Biden during his visits to commemorate D-Day in France, attend the G-7 summit in Italy, and attend a recent fundraiser for his campaign that have raised questions about his age.  Jean-Pierre was asked about ""a rash of videos that have been edited to make the president appear especially frail or mentally confused,"" and responded by calling... ",Right,"- The article's tone is critical of Karine Jean-Pierre and the Biden administration, which is a common stance in right-leaning media.
- The focus on President Biden's age and mental acuity is a narrative often emphasized by conservative outlets.
- The publication likely has a history of skepticism towards the Biden administration, aligning with right-wing perspectives."
2024-06-18,Immigration,Biden Admin to Issue Protection for Unauthorized Migrants Married to US Citizens,Biden announces new policy shielding undocumented spouses of U.S. citizens from deportation,"
The Biden administration is taking executive action to protect undocumented spouses of American citizens — a move that would shield about 500,000 immigrants from deportation. The White House announced the election-year policy Tuesday, framing it as “new action to keep families together.” NBC News reported that an executive action protecting the spouses was likely to be announced soon, after urging from immigration advocates and Democratic lawmakers and as President Joe Biden courts Latino voters in crucial battleground states. Lawmakers have been briefed on the plan and at least some have been invited to the... ",Left,"- The article discusses a policy initiative by the Biden administration, which is typically associated with the Democratic Party and left-leaning policies, particularly in the context of immigration reform.
- The framing of the policy as ""new action to keep families together"" aligns with progressive values that emphasize family unity and protection of immigrant rights.
- The article mentions the support and urging from immigration advocates and Democratic lawmakers, indicating alignment with liberal and progressive agendas.","Biden issues massive immigration relief, seeking balance after border crackdown","
The Biden administration will allow certain undocumented immigrants married to U.S. citizens to stay in the country and work legally, expanding a program that’s currently used to provide papers to immediate family of military servicemembers. The Tuesday morning announcement comes amid the 12-year anniversary celebration of the Deferred Action for Childhood Arrivals (DACA) program, which President Biden will celebrate at the White House later in the day with immigrant advocacy and Latino leaders. Biden’s move comes weeks after the administration adopted a crackdown on asylum at the U.S.-Mexico border that angered the same groups the new... ",Left,"- The article discusses a policy move by the Biden administration that aligns with liberal and progressive values, such as providing relief to undocumented immigrants, which is typically supported by left-leaning groups.
- The article mentions President Biden celebrating the anniversary of the DACA program with immigrant advocacy and Latino leaders, indicating a focus on issues important to these communities, which are often associated with the left.
- The tone of the article highlights a balance between enforcement and relief, but the emphasis on immigration relief and the context of celebrating DACA suggests a left-leaning perspective.",Biden unveils plan to protect immigrants married to US citizens from deportation and expands work permits,"
President Joe Biden is unveiling new actions Tuesday that will speed a pathway to legal residency for about 500,000 undocumented people living in the United States. Biden’s announcement, made days after the 12th anniversary of the Deferred Action for Childhood Arrivals program, comes just weeks after the president signed an executive order that will forcibly close the southern border and allow the federal government to expand deportation procedures for incoming immigrants when crossings reach a certain threshold, a policy that drew sharp condemnation from immigration activists and members of his own party.  Biden’s... ",Left,"- The article discusses President Biden's plan to protect immigrants married to US citizens from deportation, which aligns with liberal and progressive values of supporting immigrant rights and providing pathways to legal residency.
- The mention of Biden's actions in the context of the Deferred Action for Childhood Arrivals (DACA) program, a policy generally supported by the left, further indicates a left-leaning perspective.
- The article notes criticism from immigration activists and members of Biden's own party regarding his border policy, suggesting a focus on progressive critiques and concerns."
2024-06-17,Media Bias,Did Biden ‘Wander Off’ During G7 Event? NYP Accused of Misleading Coverage,Conservative media uses misleading camera angle of Biden to falsely claim that he was wandering aimlessly,"
Conservative media outlets selectively used a camera angle that left out important context to spread a claim Thursday and Friday that President Joe Biden wandered off from a meeting of world leaders, but the full video at another angle captured by NBC News tells a different story. Instead of wandering off, Biden was walking toward a group of parachutists who had just landed in an Italian clearing and gave them two thumbs-up.  The deceptive video began spreading online shortly after a photo opportunity at the G7 summit in Puglia, in... ",Left,"- The article criticizes conservative media outlets for using misleading tactics, which aligns with a left-leaning perspective that often challenges conservative narratives.
- The tone of the article suggests that conservative media is intentionally spreading misinformation, a stance that is typically associated with left-leaning critiques of right-wing media practices.
- The focus on defending President Biden from what is portrayed as unfair or deceptive attacks by conservative media indicates a left-leaning bias, as it supports a Democratic political figure against conservative criticism.",Biden Wanders Away From Other G7 Leaders—And Controversy Ensues: The Video Explained,"
A video of President Joe Biden peeling off from other Group of Seven world leaders Thursday drew widespread scrutiny, with Biden's critics arguing he looked aloof on the world stage, though a different cut of the video showed him walking away to talk to other individuals outside of the frame — as Biden's mental fitness has become a focal point of Republican attacks against the president during an election year. Video footage from a skydiving demonstration in G7 host country Italy shows Biden taking a few steps away from the... ",Center,"- The article presents a factual account of an event involving President Biden at the G7 summit, without overtly favoring a particular political perspective.
- It mentions criticism from Biden's opponents, which is a common occurrence in political reporting, but does not endorse or amplify these criticisms.
- The publication does not appear to have a strong political bias, as it provides a balanced view by mentioning both the criticism and the context of the video.",Biden wanders away at G7 summit before being pulled back by Italian PM,"
Mamma mia, Giuseppe! President Biden started to wander off during a skydiving demonstration at the G7 summit in southern Italy Thursday, with the host nation’s prime minister Giorgia Meloni pressed into action to pull him back toward the group. As the leaders of the world’s wealthiest democracies applauded the evening parachuting presentation, the 81-year-old US president’s attention visibly wandered away from where the others were looking. Biden appeared to miss the action happening right in front of him as he shuffled a few steps away from his fellow heads of government, turned the other way and appeared... ",Right,"- The tone of the article is mocking and critical of President Biden, focusing on his age and implying a lack of awareness, which is a common narrative in right-leaning media.
- The article highlights a moment of perceived weakness or confusion in a Democratic leader, which aligns with conservative media's tendency to criticize Democratic figures.
- The publication likely has a right-leaning bias, as it emphasizes a negative portrayal of a prominent Democratic figure without providing context or balance."
2024-06-08,Media Industry,Briahna Joy Gray Fired by The Hill After Tense Interview With Sister of Israeli Hostage,U.S. Pundit Fired After Rolling Eyes in Interview With Sister of Israeli Hostage Held by Hamas,"
American commentator Briahna Joy Gray was fired from The Hill news site on Thursday, after she rolled her eyes in contempt in an interview with Yarden Gonen, the sister of Israeli hostage Romi Gonen.
The act, which has caused public outrage, occurred on the site's YouTube channel, which has two million subscribers.
Gray, affiliated with America's radical left, previously worked for Senator Bernie Sanders when he ran for the presidency in 2020. She served as a host on The Hill's show Rising.
",Left,"- The article mentions that Briahna Joy Gray is affiliated with America's radical left, indicating a left-wing alignment.
- Gray previously worked for Senator Bernie Sanders, a prominent figure in progressive and left-wing politics in the United States.
- The tone of the article suggests that Gray's actions and affiliations are consistent with left-wing or progressive viewpoints, as she was associated with a show that often features left-leaning perspectives.",INTERVIEW: Briahna Joy Gray on Her Firing from The Hill After Criticizing Israel,"
",Left,"- The article features Briahna Joy Gray, who is known for her progressive views and was a former press secretary for Bernie Sanders, a prominent left-wing political figure.
- The content involves criticism of Israel, which is often a stance associated with left-leaning individuals and publications, especially in the context of advocating for Palestinian rights.
- The publication 'The Hill' is generally considered to have a centrist to slightly left-leaning bias, but the focus on a progressive figure and criticism of a traditionally right-aligned foreign policy stance suggests a leftward tilt in this piece.",Progressive commentator fired from The Hill after dismissive reaction to sister of Hamas hostage,"
The Hill fired its progressive online show host after she appeared to roll her eyes while interviewing the sister of an Israeli woman kidnapped and held hostage by Hamas.
“It finally happened. The Hill has fired me,” Briahna Joy Gray said on X Thursday, posted with an image of her notice of termination from the outlet.
She said, “There should be no doubt that @RisingHill has a clear pattern of suppressing speech — particularly when it’s critical of the state of Israel.”
",Left,"- The article discusses the firing of a progressive commentator, Briahna Joy Gray, which suggests a focus on left-wing perspectives, as she is known for her progressive views.
- The content includes criticism of The Hill for allegedly suppressing speech critical of Israel, which aligns with a common left-wing stance of advocating for free speech and often being critical of Israeli policies.
- Briahna Joy Gray's association with progressive politics and her role as a host on a show known for left-leaning content further indicates the article's alignment with left-wing thought."
2024-06-04,Coronavirus,Fauci COVID-19 Hearing Provides Platform for Partisan Drama,"Fauci testifies publicly before House panel on COVID origins, controversies","
Dr. Anthony Fauci, the top U.S. infectious disease expert until leaving the government in 2022, faced heated questioning Monday from Republican lawmakers about the origins of the COVID-19 pandemic. A Republican-led subcommittee has spent over a year probing the nation’s response to the pandemic and whether U.S.-funded research in China may have played any role in how it started. Democrats opened the hearing saying the investigation so far has found no evidence that Fauci did anything wrong while missing an important opportunity to prepare for the next scary outbreak. Fauci – alternately a trusted... ",Center,"- The article presents both sides of the political spectrum: it mentions Republican lawmakers questioning Fauci and Democrats defending him, indicating a balanced approach.
- The tone of the article is neutral, focusing on the facts of the hearing and the investigation without taking a clear stance.
- The publication does not display a significant bias towards either left or right, as it reports on the event without editorializing or showing preference for one side's narrative.",GOP chair reprimands Greene for refusing to call Fauci ‘doctor’,"
Rep. Marjorie Taylor Greene (R-Ga.) was reprimanded by Rep. Brad Wenstrup (R-Ohio), the chair of the House Oversight and Accountability Select Subcommittee on the Coronavirus Pandemic, for refusing to recognize Anthony Fauci as a doctor while questioning him. Fauci, who became the face of the administration’s COVID-19 response while serving as head of the National Institute of Allergy and Infectious Diseases, testified before the GOP-led committee on Monday for the first time since retiring. During Greene’s turn to question him, the Georgia Republican refused to call Fauci “doctor,” and instead referred to him as “Mr. Fauci.” “Do you... ",Right,"- The article focuses on Rep. Marjorie Taylor Greene, a Republican known for her conservative views, and her actions during a GOP-led committee hearing, indicating a right-leaning context.
- The tone of the article highlights a conflict between Greene and Dr. Anthony Fauci, a figure often criticized by conservative circles, suggesting alignment with right-wing skepticism towards Fauci.
- The publication of this article in a context that emphasizes Greene's actions without significant critique or balance suggests a right-leaning perspective.",Fauci distances himself from adviser’s COVID email scandal,"
Former National Institutes of Health official Anthony Fauci distanced himself from an aide’s email scandal during a Monday morning hearing before Congress. David Morens, a longtime senior adviser to Fauci, turned over thousands of emails to the Select Subcommittee on the Coronavirus Pandemic earlier this year, many of which detailed his efforts to circumvent open records laws. Morens wrote in private emails turned over to the committee that he deleted information that could be subject to a freedom of information request and also suggested that Fauci was trying to “protect” the scientist Peter Daszak, who has been cut off from... ",Right,"- The article focuses on a scandal involving Anthony Fauci, a figure often criticized by right-leaning media, suggesting a negative tone towards him.
- The content highlights issues of transparency and accountability, which are often emphasized by conservative outlets when discussing government officials.
- The typical political bias of publications that focus on scandals involving Fauci and COVID-19 policies tends to lean right, as these topics are frequently used to criticize the handling of the pandemic by government officials."
2024-06-02,Culture,Are Dating Apps on the Decline?,Your dating app is not your friend,"
In the 2010s, brands increasingly sold the public a social message. You couldn’t just sell soap – you had to sell personal hygiene products that encouraged society to accept people of all sizes. You couldn’t just sell soda – you had to sell soda that promoted peace between socially opposing groups. Even if the most cynical and toxic brands painted themselves as having a warm, human sensibility and strong political values. For some, such marketing was visibly self-serving and insincere. Others believed that companies genuinely cared about improving the world, and trusted... ",Left,"- The article critiques the trend of brands adopting social messages, which is often associated with progressive or left-leaning values, suggesting a skepticism towards corporate motives in adopting these messages.
- The tone of the article appears to be critical of the commercialization of social justice, a topic often discussed in left-leaning circles that are wary of corporate influence.
- The focus on social acceptance and peace between opposing groups aligns with themes commonly emphasized in left-wing discourse, even if the article is critiquing the sincerity of these efforts.",Young women fall out of love with dating apps,"
Dating apps such as Tinder and Bumble are exploring extra features and new branding to attract more Generation Z women in response to warnings that female users are suffering “burnout” on matchmaking platforms. Match Group, which has more than 40 dating brands including Tinder and Hinge, and Bumble, which also owns Badoo and Fruitz, have both said they plan to boost content moderation and introduce other tools to improve women’s experiences. Surveys have consistently shown a gender disparity among dating app users, while some women have reported concerns about receiving... ",Center,"- The article focuses on the business strategies of dating app companies like Tinder and Bumble, which is a neutral topic without inherent political bias.
- It discusses the issue of 'burnout' among female users of dating apps, which is a social issue but not framed in a politically charged manner.
- The publication does not take a stance on political figures, organizations, or policies, and the tone is informative and balanced, typical of center-aligned content.",Bumble-ing Idiots,"
Bumble launched in 2014 as a “feminist dating app” that was “designed to challenge outdated heterosexual dating norms.” It distinguished itself on the market and (theoretically) empowered women by requiring them to send the first message, which supposedly helped prevent harassment, predatory messages, and unsolicited nude photos from men. Ten years later, Bumble has rebranded. When asked by the company, nearly half of 6,138 female users aged 23–35 told Bumble that they prefer additional ways to start a conversation, so it introduced the “Opening Moves” feature, which allows women to pick prompts... ",Left,"- The article discusses Bumble as a 'feminist dating app,' which aligns with progressive and liberal values focused on gender equality and challenging traditional norms.
- The tone of the article highlights the empowerment of women, a common theme in left-leaning discourse, by emphasizing features that prevent harassment and promote women's agency in dating.
- The focus on challenging 'outdated heterosexual dating norms' suggests a progressive stance, which is typically associated with left-wing thought."
2024-05-24,Education,"Over 1,000 Students Walk Out During Harvard's Commencement Ceremony",Students Walk Out in Protest at Harvard Commencement,"
Hundreds of students walked out of Harvard University’s commencement ceremony on Thursday morning as degrees were conferred, while hundreds chanted “Let them walk!”, a reference to 13 student protesters who were not allowed to graduate after a vote Wednesday by the Harvard Corporation, the university’s governing body. The walkout was a jarring reminder of continuing unrest on the Cambridge campus, on a day when more than 9,000 graduates and their families were gathered in Harvard Yard for celebration and reflection. At the start of the ceremony, the university’s interim president,... ",Left,"- The article describes a protest at Harvard University, which is often associated with liberal and progressive activism, indicating a left-leaning context.
- The focus on student protests and chants like ""Let them walk!"" suggests a narrative sympathetic to the protesters, which is a common theme in left-leaning publications.
- The mention of unrest and the actions of the Harvard Corporation, a governing body, may imply criticism of institutional authority, aligning with left-wing perspectives that often challenge established power structures.",Harvard graduates walk out of commencement after weeks of protests,"
Hundreds of graduates at Harvard University walked out of their commencement Thursday after the school announced 13 students who participated in the recent pro-Palestinian protests on campus would not be allowed to receive their diplomas with fellow students. Groups of graduates walked out chanting “Free, Free Palestine” and “Let them walk, let them walk” in reference to the students barred from walking at the ceremony, The Associated Press reported. A total of more than 1,000 students participated in the walkout, according to the school’s protest groups. Harvard’s administrative board determined... ",Left,"- The article focuses on a protest supporting a pro-Palestinian cause, which is often associated with left-wing or progressive movements.
- The tone of the article highlights student activism and civil disobedience, which are typically aligned with liberal or progressive values.
- The Associated Press, while generally considered a centrist news organization, is reporting on an event that involves a left-leaning protest, which influences the classification of this specific article.","Harvard student goes off script in commencement speech to rip school as more than 1,000 walk out","
A Harvard University commencement speaker went dramatically off script to blast the Ivy League school for barring a handful of those involved in a disruptive anti-Israeli encampment — before more than 1,000 students also staged a walkout. Shruthi Kumar, the Harvard senior selected to deliver the English address Thursday, pulled out a piece of paper containing controversial remarks hidden up the sleeve of her gown and took aim at university leaders over the decision to deny more than a dozen students their diplomas. “As I stand here today, I must take a... ",Left,"- The article describes a student criticizing Harvard University for its actions against students involved in an anti-Israeli protest, which aligns with left-wing support for Palestinian causes and criticism of pro-Israel stances.
- The tone of the article highlights a protest against an institution's decision, which is often associated with progressive activism and advocacy for free speech and protest rights.
- The context of the article involves a large student walkout, a form of protest that is typically associated with left-leaning movements and activism."
2024-05-13,Donald Trump,Trump's Former 'Fixer' Michael Cohen Testifies in Hush Money Trial,Donald Trump’s GOP allies show up in force as Michael Cohen takes the stand in hush money trial,"
With Donald Trump barred from publicly attacking the key witness in his hush money trial, his campaign brought to court a phalanx of Republican elected officials to speak for him. “The thing that the president is prevented from saying, which is a disgrace, is that every single person involved in this prosecution is practically a Democratic political operative,” U.S. Sen. JD Vance of Ohio said outside the courthouse Monday during a morning break. Trump’s former fixer Michael Cohen took the stand on Monday to allege that the former president instructed... ",Right,"- The article prominently features Republican figures, such as U.S. Sen. JD Vance, who are defending Donald Trump, indicating a conservative alignment.
- The tone of the article suggests a critical view of the prosecution, describing it as being conducted by 'Democratic political operatives,' which aligns with right-wing narratives.
- The focus on defending Trump and criticizing the legal proceedings is consistent with the typical stance of right-leaning publications that support Trump and his allies.",Angry Trump blasts judge after Cohen testimony,"
Former President Trump on Monday laced into the New York judge handling his hush money trial after his former attorney, Michael Cohen, spent hours on the witness stand. Trump was asked as he exited the courtroom why a handful of elected officials had joined him at the courthouse, with Sen. J.D. Vance (R-Ohio), Sen. Tommy Tuberville (R-Ala.) and the attorney general of Iowa among them. “They think it’s a terrible thing that is happening to democracy in this country,” Trump responded. “We have a lot of them, they want to... ",Right,"- The article focuses on former President Trump, a prominent figure in conservative politics, and his reaction to the trial, which aligns with right-wing perspectives.
- The presence of Republican officials such as Sen. J.D. Vance and Sen. Tommy Tuberville, who are known for their conservative stances, suggests a right-leaning context.
- The tone of the article, highlighting Trump's criticism of the judicial process as a threat to democracy, resonates with common right-wing narratives about perceived injustices against conservative figures.",Ex-con Michael Cohen testifies about secret recording he made of Trump discussing affair claims before 2016 election,"
Michael Cohen testified Monday he secretly recorded Donald Trump in the lead-up to the 2016 election, discussing plans to buy a Playboy model’s story about having an affair with the then-candidate. Cohen — who worked for Trump for more than a decade — told jurors in Manhattan Supreme Court that the Sept. 6, 2016, conversation, taped on the Voice Memos app on his iPhone, was the only time he surreptitiously recorded his former boss. “So, what do we got to pay for this? One-fifty?” Trump could allegedly be heard saying... ",Center,"- The article reports on a factual event involving Michael Cohen's testimony about a recording of Donald Trump, focusing on the details of the testimony without overt editorializing.
- The tone of the article is neutral, presenting the information about the recording and the context of the 2016 election without taking a clear political stance.
- The publication does not display a significant political bias in this article, as it sticks to reporting the facts of the court testimony and the content of the recording."
